name;isin;market;sector;shares_total;market_value_pln;book_value_pln;price_to_book_value;price_to_profit;annotation
PHARMENA SPÓŁKA AKCYJNA;PLPHRMN00011;Równoległy;Produkcja leków;11137758;109710000,0;-140000,0;-783,6428571428571;0,0;C/Z: Unknown special value 'x'.
REGNON SPÓŁKA AKCYJNA W LIKWIDACJI;PLPRNTC00017;Podstawowy;informatyka - pozostałe;4772040;3790000,0;-10000,0;-379,0;0,0;C/Z: Unknown special value 'x'.
PLATYNOWE INWESTYCJE SE;PLADDRG00015;Równoległy;nieruchomości - pozostałe;7000000;30100000,0;-150000,0;-200,66666666666666;0,0;C/Z: Unknown special value 'x'.
PURE BIOLOGICS SPÓŁKA AKCYJNA;PLPRBLG00010;Równoległy;Biotechnologia;2254000;238920000,0;-2890000,0;-82,6712802768166;0,0;C/Z: Unknown special value 'x'.
VISTAL GDYNIA SPÓŁKA AKCYJNA;PLVTLGD00010;Podstawowy;inżynieria lądowa i wodna;16478347;73330000,0;-3020000,0;-24,281456953642383;0,0;C/Z: Unknown special value 'x'.
ALL IN! GAMES SPÓŁKA AKCYJNA;PLSNTFG00017;Równoległy;Gry;59999388;545990000,0;-28450000,0;-19,19121265377856;0,0;C/Z: Unknown special value 'x'.
MABION SPÓŁKA AKCYJNA;PLMBION00016;Podstawowy;Produkcja leków;16161326;966450000,0;-77390000,0;-12,488047551363225;0,0;C/Z: Unknown special value 'x'.
HUUUGE. INC.;US44853H1086;Podstawowy;Gry;84246695;3533310000,0;-364250000,0;-9,700233356211394;0,0;C/Z: Unknown special value 'x'.
SKOTAN SPÓŁKA AKCYJNA;PLSKTAN00010;Podstawowy;paliwa i gaz - pozostałe;27000000;87210000,0;-11760000,0;-7,415816326530612;0,0;C/Z: Unknown special value 'x'.
ELEKTROCIEPŁOWNIA BĘDZIN SPÓŁKA AKCYJNA;PLECBDZ00013;Podstawowy;energetyka;3149200;29920000,0;-4230000,0;-7,073286052009457;0,0;C/Z: Unknown special value 'x'.
REINHOLD EUROPE AB;SE0001856519;Podstawowy;wynajem nieruchomości;143524724;31290000,0;-5640000,0;-5,547872340425532;0,0;C/Z: Unknown special value 'x'.
YOLO SPÓŁKA AKCYJNA;PLPRESC00018;Równoległy;Pośrednictwo finansowe;8879194;9410000,0;-3510000,0;-2,680911680911681;0,0;C/Z: Unknown special value 'x'.
KSG AGRO S.A.;LU0611262873;Podstawowy;produkcja rolna i rybołówstwo;15020000;50320000,0;-23520000,0;-2,139455782312925;4,9;
BRITISH AUTOMOTIVE HOLDING SPÓŁKA AKCYJNA;PLMRVPL00016;Równoległy;motoryzacja-pozostałe;41551852;24930000,0;-24520000,0;-1,016721044045677;0,0;C/Z: Unknown special value 'x'.
OT LOGISTICS SPÓŁKA AKCYJNA;PLODRTS00017;Równoległy;transport;11998780;95990000,0;-101750000,0;-0,9433906633906634;0,0;C/Z: Unknown special value 'x'.
RAFAKO SPÓŁKA AKCYJNA W RESTRUKTURYZACJI;PLRAFAK00018;Podstawowy;budownictwo przemysłowe;127431998;153170000,0;-205690000,0;-0,7446643006466042;0,0;C/Z: Unknown special value 'x'.
INTERBUD-LUBLIN SPÓŁKA AKCYJNA;PLINTBD00014;Podstawowy;sprzedaż nieruchomości;7016000;8910000,0;-12660000,0;-0,7037914691943128;0,0;C/Z: Unknown special value 'x'.
NOBLE FINANCIALS SPÓŁKA AKCYJNA;PLPLPGR00010;Równoległy;sprzedaż nieruchomości;349274;8380000,000000001;-12930000,0;-0,6481051817478732;1,3;
AMPLI SPÓŁKA AKCYJNA W UPADŁOŚCI UKŁADOWEJ;PLAMPLI00019;Równoległy;artykuły elektryczne;3282000;2740000,0;-6440000,0;-0,4254658385093168;0,0;C/Z: Unknown special value 'x'.
SFINKS POLSKA SPÓŁKA AKCYJNA W RESTRUKTURYZACJI;PLSFNKS00011;Podstawowy;hotele i restauracje;32199512;20930000,0;-50180000,0;-0,4170984455958549;0,0;C/Z: Unknown special value 'x'.
URSUS SPÓŁKA AKCYJNA;PLPMWRM00012;Podstawowy;środki transportu;64600000;58140000,0;-192240000,0;-0,30243445692883897;0,0;C/Z: Unknown special value 'x'.
MILKILAND PUBLIC COMPANY LIMITED;NL0009508712;Podstawowy;żywność;31250000;25630000,0;-104380000,0;-0,24554512358689404;0,0;C/Z: Unknown special value 'x'.
LARK.PL SPÓŁKA AKCYJNA;PLPPWK000014;Podstawowy;sprzęt informatyczny;15964750;2390000,0;-12870000,0;-0,1857031857031857;0,0;C/Z: Unknown special value 'x'.
SATIS GROUP SPÓŁKA AKCYJNA;PLADVPL00029;Podstawowy;Usługi dla przedsiębiorstw;11635281;46540000,0;-270820000,0;-0,17184846023188835;66,5;
GETBACK SPÓŁKA AKCYJNA;PLGTBCK00297;Podstawowy;Wierzytelności;100000000;376000000,0;-2482940000,0;-0,151433381394637;0,0;C/Z: Unknown special value 'x'.
TXM SPÓŁKA AKCYJNA;PLTXM0000015;Podstawowy;odzież i obuwie;38890000;3890000,0;-27500000,0;-0,14145454545454544;0,0;C/Z: Unknown special value 'x'.
KORPORACJA BUDOWLANA DOM SPÓŁKA AKCYJNA;PLTRAST00020;Podstawowy;materiały budowlane;9926850;4450000,0;-45910000,0;-0,09692877368764975;0,0;C/Z: Unknown special value 'x'.
DREWEX SPÓŁKA AKCYJNA;PLDREWX00012;Równoległy;drewno;1852500;1020000,0;-12660000,0;-0,08056872037914692;0,0;C/Z: Unknown special value 'x'.
PC GUARD SPÓŁKA AKCYJNA;PLGUARD00019;Podstawowy;oprogramowanie;1615189;1890000,0;-24870000,0;-0,07599517490952955;0,0;C/Z: Unknown special value 'x'.
FAST FINANCE SPÓŁKA AKCYJNA W RESTRUKTURYZACJI;PLFSTFC00012;Równoległy;Działalność inwestycyjna;1250000;1660000,0;-42900000,0;-0,0386946386946387;0,0;C/Z: Unknown special value 'x'.
SADOVAYA GROUP S.A.;LU0564351582;Podstawowy;górnictwo węgla;43085693;5170000,0;-177210000,0;-0,029174425822470516;0,0;C/Z: Unknown special value 'x'.
PLAZA CENTERS N.V.;NL0011882741;Podstawowy;wynajem nieruchomości;6855603;9290000,0;-390510000,0;-0,023789403600419964;0,0;C/Z: Unknown special value 'x'.
INTERMA TRADE SPÓŁKA AKCYJNA W LIKWIDACJI;PLBRIJU00010;Równoległy;odzież i obuwie;5978260;2660000,0;-149340000,0;-0,017811704834605598;0,0;C/Z: Unknown special value 'x'.
PBG SPÓŁKA AKCYJNA W RESTRUKTURYZACJI;PLPBG0000029;Lista Alertów;budownictwo przemysłowe;818420313;36830000,0;-5078960000,0;-0,007251484555893332;0,0;C/Z: Unknown special value 'x'.
CAPTOR THERAPEUTICS SPÓŁKA AKCYJNA;PLCPTRT00030;;;0;0,0;0,0;0,0;0,0;C/WK: Book value is zero. C/Z: Unknown special value 'x'.
PEIXIN INTERNATIONAL GROUP N.V.;NL0010577052;Równoległy;urządzenia mechaniczne;13000000;13260000,0;336890000,0;0,04;0,7;
GETIN NOBLE BANK SPÓŁKA AKCYJNA;PLGETBK00012;Podstawowy;banki komercyjne;1044553267;177570000,0;2004270000,0;0,09;0,0;C/Z: Unknown special value 'x'.
KDM SHIPPING PUBLIC LIMITED;CY0102492119;Podstawowy;transport;9296000;13010000,0;125240000,0;0,1;1,5;
ALTA SPÓŁKA AKCYJNA;PLTRNSU00013;Podstawowy;sprzedaż nieruchomości;15130345;31020000,0;188350000,0;0,16;1,9;
CLEANCARBON ENERGY SPÓŁKA AKCYJNA;PLKAREN00014;Lista Alertów;nieruchomości - pozostałe;171400000;11310000,0;66150000,00000001;0,17;0,0;C/Z: Unknown special value 'x'.
SOLAR COMPANY SPÓŁKA AKCYJNA;PLSLRCP00021;Podstawowy;odzież i obuwie;3000000;14010000,0;78090000,0;0,18;0,0;C/Z: Unknown special value 'x'.
KRAKCHEMIA SPÓŁKA AKCYJNA;PLKRKCH00019;Podstawowy;chemikalia;9000000;5580000,0;30090000,0;0,19;0,0;C/Z: Unknown special value 'x'.
ATLAS ESTATES LIMITED;GB00B0WDBP88;Podstawowy;wynajem nieruchomości;50322014;110710000,0;544390000,0;0,2;0,0;C/Z: Unknown special value 'x'.
RANK PROGRESS SPÓŁKA AKCYJNA;PLRNKPR00014;Podstawowy;wynajem nieruchomości;37183550;90360000,0;438690000,0;0,21;1,6;
GETIN HOLDING SPÓŁKA AKCYJNA;PLGSPR000014;Podstawowy;banki komercyjne;189767342;146310000,0;625110000,0;0,23;0,0;C/Z: Unknown special value 'x'.
FABRYKI SPRZĘTU I NARZĘDZI GÓRNICZYCH GRUPA KAPITAŁOWA FASING SPÓŁKA AKCYJNA;PLFSING00010;Podstawowy;urządzenia mechaniczne;3107249;35730000,0;148650000,0;0,24;4,2;
LUBELSKI WĘGIEL BOGDANKA SPÓŁKA AKCYJNA;PLLWBGD00016;Podstawowy;górnictwo węgla;34013590;792520000,0;3289390000,0;0,24;10,9;
JJ AUTO AG;DE000A1TNS70;Równoległy;części samochodowe;8100240;78570000,0;303140000,0;0,26;1,0;
PATENTUS SPÓŁKA AKCYJNA;PLPTNTS00019;Podstawowy;urządzenia mechaniczne;29500000;29090000,0;107550000,0;0,27;132,8;
PKP CARGO SPÓŁKA AKCYJNA;PLPKPCR00011;Podstawowy;transport;44786917;859910000,0;3143800000,0;0,27;0,0;C/Z: Unknown special value 'x'.
TRITON DEVELOPMENT SPÓŁKA AKCYJNA;PLASMOT00030;Podstawowy;sprzedaż nieruchomości;6364523;23290000,0;84230000,0;0,28;0,0;C/Z: Unknown special value 'x'.
KCI SPÓŁKA AKCYJNA;PLPONAR00012;Podstawowy;wydawnictwa;68582150;109730000,0;380390000,0;0,29;1,3;
POLSKI HOLDING NIERUCHOMOŚCI SPÓŁKA AKCYJNA;PLPHN0000014;Podstawowy;wynajem nieruchomości;51100574;682190000,0;2270500000,0;0,3;15,0;
ENEA SPÓŁKA AKCYJNA;PLENEA000013;Podstawowy;energetyka;441442578;3719150000,0;12036820000,0;0,31;0,0;C/Z: Unknown special value 'x'.
ZESPÓŁ ELEKTROCIEPŁOWNI WROCŁAWSKICH KOGENERACJA SPÓŁKA AKCYJNA;PLKGNRC00015;Podstawowy;energetyka;14900000;530440000,00000006;1679540000,0;0,32;4,3;
INDYGOTECH MINERALS SPÓŁKA AKCYJNA W LIKWIDACJI;PLLSTIA00018;Podstawowy;Działalność inwestycyjna;16529188;4130000,0;12390000,0;0,33;64,6;
UNICREDIT S.P.A.;IT0005239360;Podstawowy;banki komercyjne;2243550408;88575370000,0;270988930000,0;0,33;0,0;C/Z: Unknown special value 'x'.
BBI DEVELOPMENT SPÓŁKA AKCYJNA;PLNFI1200018;Podstawowy;sprzedaż nieruchomości;10189165;44320000,0;132110000,00000001;0,34;12,0;
AGROTON PUBLIC LIMITED;CY0101062111;Podstawowy;produkcja rolna i rybołówstwo;21670000;133050000,00000001;384350000,0;0,35;3,0;
CZERWONA TOREBKA SPÓŁKA AKCYJNA;PLCRWTR00022;Podstawowy;wynajem nieruchomości;75026066;45020000,0;130370000,0;0,35;0,0;C/Z: Unknown special value 'x'.
ELKOP SE;PLELKOP00013;Równoległy;wynajem nieruchomości;46047200;27630000,0;78840000,0;0,35;65,9;
GIEŁDA PRAW MAJĄTKOWYCH VINDEXUS SPÓŁKA AKCYJNA;PLVNDEX00013;Równoległy;Wierzytelności;11680000;66810000,0;191050000,0;0,35;12,0;
GOBARTO SPÓŁKA AKCYJNA;PLDUDA000016;Podstawowy;żywność;27800229;158460000,0;433110000,0;0,37;0,0;C/Z: Unknown special value 'x'.
HERKULES SPÓŁKA AKCYJNA;PLZRWZW00012;Podstawowy;budownictwo - pozostałe;34119105;56810000,0;153120000,0;0,37;13,0;
MOJ SPÓŁKA AKCYJNA;PLMOJ0000015;Podstawowy;urządzenia mechaniczne;9827114;16410000,0;44040000,0;0,37;7,5;
DROZAPOL-PROFIL SPÓŁKA AKCYJNA;PLDRZPL00032;Podstawowy;wyroby hutnicze;6118550;23740000,0;63160000,0;0,38;8,0;
ENERGA SPÓŁKA AKCYJNA;PLENERG00022;Podstawowy;energetyka;414067114;3312540000,0;8779000000,0;0,38;0,0;C/Z: Unknown special value 'x'.
KOMPUTRONIK SPÓŁKA AKCYJNA W RESTRUKTURYZACJI;PLKMPTR00012;Podstawowy;elektronika użytkowa;9793974;33990000,0;88340000,0;0,38;0,0;C/Z: Unknown special value 'x'.
LARQ SPÓŁKA AKCYJNA;PLCAMMD00032;Podstawowy;reklama i marketing;9883398;19520000,0;51390000,0;0,38;0,0;C/Z: Unknown special value 'x'.
P.A. NOVA SPÓŁKA AKCYJNA;PLPANVA00013;Podstawowy;budownictwo ogólne;10000000;149500000,0;394310000,0;0,38;9,2;
TAURON POLSKA ENERGIA SPÓŁKA AKCYJNA;PLTAURN00011;Podstawowy;energetyka;1752549394;5869290000,0;15518640000,0;0,38;0,0;C/Z: Unknown special value 'x'.
BANK OCHRONY ŚRODOWISKA SPÓŁKA AKCYJNA;PLBOS0000019;Podstawowy;banki komercyjne;92947671;747300000,0;1913170000,0;0,39;0,0;C/Z: Unknown special value 'x'.
MONNARI TRADE SPÓŁKA AKCYJNA;PLMNRTR00012;Podstawowy;odzież i obuwie;30563089;74880000,0;190950000,0;0,39;0,0;C/Z: Unknown special value 'x'.
OPEN FINANCE SPÓŁKA AKCYJNA;PLOPNFN00010;Podstawowy;Pośrednictwo finansowe;12392777;9420000,0;23650000,0;0,4;0,0;C/Z: Unknown special value 'x'.
I2 DEVELOPMENT SPÓŁKA AKCYJNA;PLI2DVL00014;Równoległy;sprzedaż nieruchomości;9700000;110580000,0;253540000,0;0,44;11,0;
PBS FINANSE SPÓŁKA AKCYJNA;PLBEFSN00010;Równoległy;Pośrednictwo finansowe;10452000;4490000,0;10270000,0;0,44;0,0;C/Z: Unknown special value 'x'.
SKYLINE INVESTMENT SPÓŁKA AKCYJNA;PLSKLNW00011;Podstawowy;Działalność inwestycyjna;23321000;20990000,0;47670000,0;0,44;8,2;
AGORA SPÓŁKA AKCYJNA;PLAGORA00067;Podstawowy;wydawnictwa;46580831;368920000,0;820940000,0;0,45;0,0;C/Z: Unknown special value 'x'.
MUZA SPÓŁKA AKCYJNA;PLMUZA000019;Podstawowy;wydawnictwa;2800598;10470000,0;23440000,0;0,45;26,1;
PGE POLSKA GRUPA ENERGETYCZNA SPÓŁKA AKCYJNA;PLPGER000010;Podstawowy;energetyka;1869760829;19108960000,0;42518000000,0;0,45;173,7;
SLEEPZ AG;DE000A2E3772;Podstawowy;Handel internetowy;18665331;12410000,0;27760000,0;0,45;0,0;C/Z: Unknown special value 'x'.
ENEFI VAGYONKEZELŐ NYRT.;HU0000089198;Podstawowy;energia odnawialna;16606109;24910000,0;52860000,0;0,47;11,7;
M.W. TRADE SPÓŁKA AKCYJNA;PLMWTRD00013;Równoległy;Leasing i faktoring;8384440;28590000,0;61220000,0;0,47;0,0;C/Z: Unknown special value 'x'.
BORYSZEW SPÓŁKA AKCYJNA;PLBRSZW00011;Podstawowy;hutnictwo metali nieżelaznych;240000000;770400000,0;1612540000,0;0,48;2,8;
IMPEL SPÓŁKA AKCYJNA;PLIMPEL00011;Podstawowy;Usługi dla przedsiębiorstw;12865177;167250000,0;349840000,0;0,48;9,3;
EUROPEJSKIE CENTRUM ODSZKODOWAŃ SPÓŁKA AKCYJNA;PLERPCO00017;Równoległy;ubezpieczenia - pozostałe;5600000;26940000,0;54580000,0;0,49;3,9;
J. W. CONSTRUCTION HOLDING SPÓŁKA AKCYJNA;PLJWC0000019;Podstawowy;sprzedaż nieruchomości;88859443;350110000,0;717310000,0;0,49;0,0;C/Z: Unknown special value 'x'.
JASTRZĘBSKA SPÓŁKA WĘGLOWA SPÓŁKA AKCYJNA;PLJSW0000015;Podstawowy;górnictwo węgla;117411596;3404940000,0;6920300000,0;0,49;0,0;C/Z: Unknown special value 'x'.
GRUPA AZOTY SPÓŁKA AKCYJNA;PLZATRM00012;Podstawowy;chemia podstawowa;99195484;3652380000,0;7339070000,0;0,5;11,7;
KORPORACJA GOSPODARCZA EFEKT SPÓŁKA AKCYJNA;PLEFEKT00018;Podstawowy;Usługi dla przedsiębiorstw;4995450;38560000,0;76380000,0;0,5;105,7;
PRIMA MODA SPÓŁKA AKCYJNA;PLPRMMD00012;Podstawowy;odzież i obuwie;3200000;4610000,0;9180000,0;0,5;0,0;C/Z: Unknown special value 'x'.
TRANS POLONIA SPÓŁKA AKCYJNA;PLTRNSP00013;Równoległy;transport;22847711;70600000,0;133160000,0;0,53;4,9;
BANK MILLENNIUM SPÓŁKA AKCYJNA;PLBIG0000016;Podstawowy;banki komercyjne;1213116777;4876730000,0;9090980000,0;0,54;213,7;
DGA SPÓŁKA AKCYJNA;PLDGA0000019;Podstawowy;Usługi dla przedsiębiorstw;1130279;7630000,0;14140000,0;0,54;24,9;
IZOSTAL SPÓŁKA AKCYJNA;PLIZSTL00015;Podstawowy;wyroby metalowe;32744000;113290000,0;210540000,0;0,54;7,5;
GRUPA AZOTY ZAKŁADY AZOTOWE PUŁAWY SPÓŁKA AKCYJNA;PLZAPUL00057;Podstawowy;chemia podstawowa;19115000;1968850000,0;3577230000,0;0,55;9,1;
HOLLYWOOD SPÓŁKA AKCYJNA;PLHOLWD00017;Podstawowy;Handel i usługi - pozostałe;60164241;59260000,0;107900000,0;0,55;0,0;C/Z: Unknown special value 'x'.
ONE SPÓŁKA AKCYJNA;PLTHP0000011;Równoległy;Działalność inwestycyjna;196292;7850000,0;14210000,0;0,55;0,3;
WARIMPEX FINANZ- UND BETEILIGUNGS AG;AT0000827209;Podstawowy;wynajem nieruchomości;54000000;278640000,0;503750000,0;0,55;0,0;C/Z: Unknown special value 'x'.
INTERFERIE SPÓŁKA AKCYJNA;PLINTFR00023;Podstawowy;hotele i restauracje;14564200;67000000,0;119100000,0;0,56;0,0;C/Z: Unknown special value 'x'.
TOWER INVESTMENTS SPÓŁKA AKCYJNA;PLTWRNV00013;Równoległy;sprzedaż nieruchomości;1560750;32780000,0;58340000,0;0,56;0,0;C/Z: Unknown special value 'x'.
ZESPÓŁ ELEKTROWNI PĄTNÓW-ADAMÓW-KONIN SPÓŁKA AKCYJNA;PLZEPAK00012;Podstawowy;energetyka;50823547;531110000,0;951210000,0;0,56;0,0;C/Z: Unknown special value 'x'.
ALIOR BANK SPÓŁKA AKCYJNA;PLALIOR00045;Podstawowy;banki komercyjne;130553991;3716870000,0;6546110000,0;0,57;0,0;C/Z: Unknown special value 'x'.
FON SE;EE3100005166;Podstawowy;Pośrednictwo finansowe;52500000;15230000,0;26680000,0;0,57;0,0;C/Z: Unknown special value 'x'.
ZAKŁADY MAGNEZYTOWE ROPCZYCE SPÓŁKA AKCYJNA;PLROPCE00017;Podstawowy;materiały budowlane;6259634;176520000,0;307110000,0;0,57;6,4;
IZOBLOK SPÓŁKA AKCYJNA;PLIZBLK00010;Podstawowy;tworzywa sztuczne;1267000;58920000,0;101430000,0;0,58;0,0;C/Z: Unknown special value 'x'.
ARCTIC PAPER SPÓŁKA AKCYJNA;PLARTPR00012;Podstawowy;papier i opakowania;69287783;443440000,0;749980000,0;0,59;4,0;
MBANK SPÓŁKA AKCYJNA;PLBRE0000012;Podstawowy;banki komercyjne;42367040;9896940000,0;16747029999,999998;0,59;30,0;
NTT SYSTEM SPÓŁKA AKCYJNA;PLNTSYS00013;Podstawowy;sprzęt informatyczny;13850000;85320000,0;144080000,0;0,59;10,0;
ENERGOINSTAL SPÓŁKA AKCYJNA;PLERGIN00015;Podstawowy;instalacje budowlane i telekomunikacyjne;18000000;27810000,0;46700000,0;0,6;0,0;C/Z: Unknown special value 'x'.
MEDICALGORITHMICS SPÓŁKA AKCYJNA;PLMDCLG00015;Podstawowy;Sprzęt i materiały medyczne;4327829;125290000,0;207360000,0;0,6;0,0;C/Z: Unknown special value 'x'.
COMP SPÓŁKA AKCYJNA;PLCMP0000017;Podstawowy;oprogramowanie;5918188;323130000,0;511800000,0;0,63;21,2;
MOSTOSTAL ZABRZE SPÓŁKA AKCYJNA;PLMSTZB00018;Podstawowy;budownictwo przemysłowe;74565269;108870000,0;173560000,0;0,63;10,7;
STALPROFIL SPÓŁKA AKCYJNA;PLSTLPF00012;Podstawowy;wyroby hutnicze;17500000;200380000,0;320390000,0;0,63;9,4;
MAXCOM SPÓŁKA AKCYJNA;PLMXCMS00016;Podstawowy;sprzęt elektryczny i elektroniczny;2700000;41720000,0;64900000,00000001;0,64;14,1;
POZBUD SPÓŁKA AKCYJNA;PLPZBDT00013;Podstawowy;materiały budowlane;44836769;141240000,0;221910000,0;0,64;4,9;
MARVIPOL DEVELOPMENT SPÓŁKA AKCYJNA;PLMRVDV00011;Równoległy;wynajem nieruchomości;41652852;361550000,0;556590000,0;0,65;4,5;
BANCO SANTANDER S.A.;ES0113900J37;Podstawowy;banki komercyjne;17340641302;248630110000,0;375541920000,0;0,66;0,0;C/Z: Unknown special value 'x'.
MCI CAPITAL ALTERNATYWNA SPÓŁKA INWESTYCYJNA SPÓŁKA AKCYJNA;PLMCIMG00012;Podstawowy;Działalność inwestycyjna;49953560;919150000,0;1387410000,0;0,66;7,3;
POLSKI KONCERN NAFTOWY ORLEN SPÓŁKA AKCYJNA;PLPKN0000018;Podstawowy;wydobycie i produkcja;427709061;28707830000,0;43581000000,0;0,66;4,2;
WASKO SPÓŁKA AKCYJNA;PLHOGA000041;Podstawowy;systemy informatyczne;91187500;160030000,0;242640000,0;0,66;13,0;
ARTERIA SPÓŁKA AKCYJNA;PLARTER00016;Podstawowy;Usługi dla przedsiębiorstw;4269520;29250000,0;43610000,0;0,67;0,0;C/Z: Unknown special value 'x'.
KREDYT INKASO SPÓŁKA AKCYJNA;PLKRINK00014;Podstawowy;Wierzytelności;12897364;154770000,0;231450000,0;0,67;124,2;
STALPRODUKT SPÓŁKA AKCYJNA;PLSTLPD00017;Podstawowy;hutnictwo żelaza i stali;5580267;1886130000,0;2801570000,0;0,67;10,9;
KERNEL HOLDING S.A.;LU0327357389;Podstawowy;żywność;84031230;4470460000,0;6499900000,0;0,69;3,4;
TRAKCJA SPÓŁKA AKCYJNA;PLTRKPL00014;Podstawowy;inżynieria lądowa i wodna;86450976;229100000,0;331590000,0;0,69;0,0;C/Z: Unknown special value 'x'.
BANK HANDLOWY W WARSZAWIE SPÓŁKA AKCYJNA;PLBH00000012;Podstawowy;banki komercyjne;130659600;5363580000,0;7610180000,0;0,7;9,9;
CPD SPÓŁKA AKCYJNA;PLCELPD00013;Równoległy;wynajem nieruchomości;26371131;200420000,0;285050000,0;0,7;12,3;
PROCHEM SPÓŁKA AKCYJNA;PLPRCHM00014;Podstawowy;budownictwo przemysłowe;2935000;73960000,0;105620000,0;0,7;5,3;
PRZEDSIĘBIORSTWO HYDRAULIKI SIŁOWEJ HYDROTOR S.A.;PLHDRTR00013;Podstawowy;urządzenia mechaniczne;2398300;72430000,0;103790000,0;0,7;13,9;
RELPOL SPÓŁKA AKCYJNA;PLRELPL00014;Podstawowy;urządzenia elektryczne;9609193;61310000,0;87720000,0;0,7;7,9;
SOHO DEVELOPMENT SPÓŁKA AKCYJNA;PLNFI0400015;Podstawowy;sprzedaż nieruchomości;27530111;18310000,0;26250000,0;0,7;0,0;C/Z: Unknown special value 'x'.
TESGAS SPÓŁKA AKCYJNA;PLTSGS000019;Równoległy;inżynieria lądowa i wodna;11350000;55730000,0;79770000,0;0,7;8,4;
ATLANTA POLAND SPÓŁKA AKCYJNA;PLATLPL00018;Podstawowy;żywność;6091904;54710000,0;76700000,0;0,71;8,2;
CAPITAL PARTNERS SPÓŁKA AKCYJNA;PLCPTLP00015;Podstawowy;Działalność inwestycyjna;17000000;22100000,0;30970000,0;0,71;0,0;C/Z: Unknown special value 'x'.
IMMOFINANZ AG;AT0000A21KS2;Podstawowy;wynajem nieruchomości;123293795;9986800000,0;14151620000,0;0,71;0,0;C/Z: Unknown special value 'x'.
ASTARTA HOLDING N.V.;NL0000686509;Podstawowy;produkcja rolna i rybołówstwo;25000000;1101250000,0;1536150000,0;0,72;28,1;
ZUE SPÓŁKA AKCYJNA;PLZUE0000015;Podstawowy;instalacje budowlane i telekomunikacyjne;23030083;111010000,0;154490000,0;0,72;26,1;
CFI HOLDING SPÓŁKA AKCYJNA;PLINTKS00013;Równoległy;hotele i restauracje;2750874900;770240000,0;1053349999,9999999;0,73;0,0;C/Z: Unknown special value 'x'.
ZAMET SPÓŁKA AKCYJNA;PLZAMET00010;Równoległy;urządzenia mechaniczne;105920000;90030000,0;124030000,0;0,73;9,1;
ATREM SPÓŁKA AKCYJNA;PLATREM00017;Podstawowy;instalacje budowlane i telekomunikacyjne;9230079;23540000,0;31990000,0;0,74;10,2;
MAKARONY POLSKIE SPÓŁKA AKCYJNA;PLMKRNP00015;Podstawowy;żywność;9250071;63460000,0;85200000,0;0,74;8,4;
OCTAVA SPÓŁKA AKCYJNA;PLNFI0800016;Podstawowy;sprzedaż nieruchomości;42786848;44070000,0;59900000,0;0,74;0,0;C/Z: Unknown special value 'x'.
SECO/WARWICK SPÓŁKA AKCYJNA;PLWRWCK00013;Podstawowy;urządzenia mechaniczne;10298554;139030000,0;188360000,0;0,74;10,1;
UNIMA 2000 SYSTEMY TELEINFORMATYCZNE SPÓŁKA AKCYJNA;PLUNMST00014;Podstawowy;systemy informatyczne;2735500;9140000,0;12370000,0;0,74;0,0;C/Z: Unknown special value 'x'.
ALTUS SPÓŁKA AKCYJNA;PLATTFI00018;Podstawowy;zarządzanie aktywami;40920000;74070000,0;98710000,0;0,75;8,6;
BIOTON SPÓŁKA AKCYJNA;PLBIOTN00029;Podstawowy;Produkcja leków;85864200;459370000,0;614560000,0;0,75;20,1;
GLOBE TRADE CENTRE SPÓŁKA AKCYJNA;PLGTC0000037;Podstawowy;wynajem nieruchomości;485555122;3306630000,0;4419180000,0;0,75;0,0;C/Z: Unknown special value 'x'.
GRUPA LOTOS SPÓŁKA AKCYJNA;PLLOTOS00025;Podstawowy;wydobycie i produkcja;184873362;8951570000,0;11958300000,0;0,75;17,3;
PAMAPOL SPÓŁKA AKCYJNA;PLPMPOL00031;Podstawowy;żywność;34750050;78540000,0;104520000,0;0,75;8,4;
HELIO SPÓŁKA AKCYJNA;PLHELIO00014;Podstawowy;żywność;5000000;70500000,0;92900000,0;0,76;8,1;
LUBAWA SPÓŁKA AKCYJNA;PLLUBAW00013;Podstawowy;odzież i kosmetyki - pozostałe;150270000;204970000,0;270360000,0;0,76;6,5;
PRAGMA INKASO SPÓŁKA AKCYJNA;PLPRGNK00017;Równoległy;Wierzytelności;3680000;20240000,0;26680000,0;0,76;0,0;C/Z: Unknown special value 'x'.
FENGHUA SOLETECH AG;DE000A13SX89;Równoległy;zaopatrzenie przedsiębiorstw - pozostałe;10055641;175970000,0;227260000,0;0,77;1,9;
APLISENS SPÓŁKA AKCYJNA;PLAPLS000016;Podstawowy;urządzenia elektryczne;11905531;132150000,0;170410000,0;0,78;9,1;
BERLING SPÓŁKA AKCYJNA;PLBRLNG00015;Podstawowy;artykuły elektryczne;17550200;91260000,0;116400000,0;0,78;7,5;
ESOTIQ  HENDERSON SPÓŁKA AKCYJNA;PLESTHN00018;Podstawowy;odzież i obuwie;2233500;44220000,0;56640000,0;0,78;8,0;
INPRO SPÓŁKA AKCYJNA;PLINPRO00015;Równoległy;sprzedaż nieruchomości;40040000;284280000,0;365690000,0;0,78;4,5;
POLNORD SPÓŁKA AKCYJNA;PLPOLND00019;Podstawowy;sprzedaż nieruchomości;97543127;344330000,0;441660000,0;0,78;0,0;C/Z: Unknown special value 'x'.
ACTION SPÓŁKA AKCYJNA;PLACTIN00018;Podstawowy;komputery i elektronika;20037000;238440000,0;301620000,0;0,79;1,3;
CPI FIM SA;LU0122624777;Podstawowy;wynajem nieruchomości;1314507629;3233690000,0;4094140000,0;0,79;6,3;
MOL MAGYAR OLAJ - ES GAZIPARI NYILVANOSAN MUKODO RESZVENYTARSASAG;HU0000153937;Podstawowy;wydobycie i produkcja;819425403;22173650000,0;27991700000,0;0,79;0,0;C/Z: Unknown special value 'x'.
RONSON DEVELOPMENT SE;NL0006106007;Podstawowy;sprzedaż nieruchomości;164010813;301780000,0;379820000,0;0,79;7,5;
ZAKŁADY PRZEMYSŁU CUKIERNICZEGO OTMUCHÓW SPÓŁKA AKCYJNA;PLZPCOT00018;Podstawowy;żywność;25496500;75470000,0;95850000,0;0,79;55,1;
INSTAL KRAKÓW SPÓŁKA AKCYJNA;PLINSTK00013;Podstawowy;budownictwo przemysłowe;7285500;217110000,0;269860000,0;0,8;9,4;
DIGITREE GROUP SPÓŁKA AKCYJNA;PLSARE000013;Równoległy;oprogramowanie;2485775;17150000,0;21210000,0;0,81;0,0;C/Z: Unknown special value 'x'.
FAMUR SPÓŁKA AKCYJNA;PLFAMUR00012;Podstawowy;urządzenia mechaniczne;574763212;1376560000,0;1710000000,0;0,81;7,4;
INTERNATIONAL PERSONAL FINANCE PUBLIC LIMITED COMPANY;GB00B1YKG049;Podstawowy;Pośrednictwo finansowe;234244437;1581150000,0;1949650000,0;0,81;0,0;C/Z: Unknown special value 'x'.
BANK POLSKA KASA OPIEKI SPÓŁKA AKCYJNA;PLPEKAO00016;Podstawowy;banki komercyjne;262470034;20960860000,0;25483630000,0;0,82;19,0;
FABRYKA OBRABIAREK RAFAMET SPÓŁKA AKCYJNA;PLRFMET00016;Równoległy;urządzenia mechaniczne;4318701;76440000,0;93200000,0;0,82;0,0;C/Z: Unknown special value 'x'.
SANTANDER BANK POLSKA SPÓŁKA AKCYJNA;PLBZ00000044;Podstawowy;banki komercyjne;102189314;22389680000,0;27384380000,0;0,82;22,0;
SOPHARMA AD;BG11SOSOBT18;Podstawowy;Produkcja leków;134797899;1058160000,0000001;1288180000,0;0,82;15,2;
BOWIM SPÓŁKA AKCYJNA;PLBOWM000019;Równoległy;wyroby hutnicze;19514647;95230000,0;114620000,0;0,83;5,6;
ORANGE POLSKA SPÓŁKA AKCYJNA;PLTLKPL00017;Podstawowy;Telekomunikacja;1312357479;8838730000,0;10681000000,0;0,83;71,9;
PRZEDSIĘBIORSTWO PRZEMYSŁU SPOŻYWCZEGO PEPEES SPÓŁKA AKCYJNA;PLPEPES00018;Podstawowy;napoje;95000000;143450000,0;173770000,0;0,83;22,7;
IZOLACJA-JAROCIN SPÓŁKA AKCYJNA;PLIZCJR00017;Równoległy;materiały budowlane;3800000;11480000,0;13610000,0;0,84;6,9;
LIBET SPÓŁKA AKCYJNA;PLLBT0000013;Podstawowy;materiały budowlane;50000000;117500000,0;140720000,0;0,84;0,0;C/Z: Unknown special value 'x'.
ZPUE SPÓŁKA AKCYJNA;PLZPUE000012;Podstawowy;urządzenia elektryczne;1400001;285600000,0;339560000,0;0,84;10,6;
BNP PARIBAS BANK POLSKA SPÓŁKA AKCYJNA;PLBGZ0000010;Podstawowy;banki komercyjne;147518782;10178800000,0;12030530000,0;0,85;13,9;
CAPITAL PARK SPÓŁKA AKCYJNA;PLCPPRK00037;Podstawowy;wynajem nieruchomości;108333998;842840000,0;989580000,0;0,85;0,0;C/Z: Unknown special value 'x'.
INVESTMENT FRIENDS SE;EE3100143033;Podstawowy;Pośrednictwo finansowe;9000000;9900000,0;11590000,0;0,85;0,0;C/Z: Unknown special value 'x'.
KORPORACJA KGL SPÓŁKA AKCYJNA;PLKRKGL00012;Równoległy;chemikalia;7129259;110500000,0;130680000,0;0,85;8,1;
MASTER PHARM SPÓŁKA AKCYJNA;PLMSTPH00016;Równoległy;Produkcja leków;21500000;79550000,0;93440000,0;0,85;232,6;
EKO EXPORT SPÓŁKA AKCYJNA;PLEKEP000019;Równoległy;Recykling;13149562;47270000,0;54930000,0;0,86;17,2;
POLSKIE GÓRNICTWO NAFTOWE I GAZOWNICTWO SPÓŁKA AKCYJNA;PLPGNIG00014;Podstawowy;wydobycie i produkcja;5778314857;37732400000,0;44126000000,0;0,86;5,1;
ATLANTIS SE;EE3100063686;Podstawowy;Działalność inwestycyjna;12500000;32750000,0;37460000,0;0,87;0,0;C/Z: Unknown special value 'x'.
TALANX AKTIENGESELLSCHAFT;DE000TLX1005;Podstawowy;firmy ubezpieczeniowe;252797634;40346500000,0;46422460000,0;0,87;12,6;
ASM GROUP SPÓŁKA AKCYJNA;PLASMGR00014;Równoległy;reklama i marketing;57019642;39910000,0;45300000,0;0,88;0,0;C/Z: Unknown special value 'x'.
GRUPA AZOTY ZAKŁADY CHEMICZNE POLICE SPÓŁKA AKCYJNA;PLZCPLC00036;Podstawowy;chemia podstawowa;124175768;1533570000,0;1744240000,0;0,88;13,2;
ZAKŁADY URZĄDZEŃ KOMPUTEROWYCH ELZAB SPÓŁKA AKCYJNA;PLELZAB00010;Podstawowy;sprzęt informatyczny;16137050;75040000,0;84810000,0;0,88;86,9;
OPTEAM SPÓŁKA AKCYJNA;PLOPTEM00012;Równoległy;oprogramowanie;7871500;136180000,0;152110000,0;0,9;0,6;
TALEX SPÓŁKA AKCYJNA;PLTALEX00017;Podstawowy;systemy informatyczne;3000092;50700000,0;56410000,0;0,9;14,0;
INVESTMENT FRIENDS CAPITAL SE;EE3100065392;Równoległy;Pośrednictwo finansowe;5005324;19620000,0;21280000,0;0,92;0,0;C/Z: Unknown special value 'x'.
RAWLPLUG SPÓŁKA AKCYJNA;PLKLNR000017;Podstawowy;wyroby metalowe;32560000;439560000,0;478160000,0;0,92;8,8;
PJP MAKRUM SPÓŁKA AKCYJNA;PLPROJP00018;Podstawowy;budownictwo przemysłowe;5982716;111880000,0;119800000,0;0,93;7,5;
ED INVEST SPÓŁKA AKCYJNA;PLEDINV00014;Równoległy;sprzedaż nieruchomości;12386687;54500000,0;58280000,0;0,94;5,3;
SEKO SPÓŁKA AKCYJNA;PLSEKO000014;Podstawowy;żywność;6650000;71820000,0;76550000,0;0,94;15,8;
ASSECO POLAND SPÓŁKA AKCYJNA;PLSOFTB00016;Podstawowy;systemy informatyczne;83000303;5751920000,0;6044400000,0;0,95;14,3;
BIURO INWESTYCJI KAPITAŁOWYCH SPÓŁKA AKCYJNA;PLBIKPT00014;Podstawowy;wynajem nieruchomości;4166267;92490000,0;97610000,0;0,95;10,4;
DELKO SPÓŁKA AKCYJNA;PLDELKO00019;Równoległy;artykuły spożywcze i szybkozbywalne;5980000;101780000,0;106690000,0;0,95;5,2;
VRG SPÓŁKA AKCYJNA;PLVSTLA00011;Podstawowy;odzież i obuwie;234455840;785430000,0;815120000,0;0,96;0,0;C/Z: Unknown special value 'x'.
ARCHICOM SPÓŁKA AKCYJNA;PLARHCM00016;Równoległy;sprzedaż nieruchomości;25670343;564750000,0;581390000,0;0,97;4,3;
BEST SPÓŁKA AKCYJNA;PLBEST000010;Podstawowy;Wierzytelności;23014829;487910000,0;504860000,0;0,97;14,2;
FIRMA OPONIARSKA DĘBICA SPÓŁKA AKCYJNA;PLDEBCA00016;Podstawowy;części samochodowe;13802750;1134590000,0;1169710000,0;0,97;16,6;
OEX SPÓŁKA AKCYJNA;PLTELL000023;Podstawowy;Handel i usługi - pozostałe;7568932;142670000,0;147460000,0;0,97;12,0;
ORZEŁ BIAŁY SPÓŁKA AKCYJNA;PLORZBL00013;Podstawowy;Recykling;16650649;311370000,0;322600000,0;0,97;6,4;
AB SPÓŁKA AKCYJNA;PLAB00000019;Podstawowy;komputery i elektronika;16187644;922700000,0;930440000,0;0,99;9,2;
HARPER HYGIENICS SPÓŁKA AKCYJNA;PLHRPHG00023;Podstawowy;kosmetyki i chemia gospodarcza;6367000;63670000,0;64450000,0;0,99;8,4;
NETIA SPÓŁKA AKCYJNA;PLNETIA00014;Podstawowy;Telekomunikacja;335578344;1939640000,0;1959860000,0;0,99;41,2;
SELENA FM SPÓŁKA AKCYJNA;PLSELNA00010;Podstawowy;materiały budowlane;22834000;518330000,00000006;522789999,99999994;0,99;6,8;
CIECH SPÓŁKA AKCYJNA;PLCIECH00018;Podstawowy;chemia podstawowa;52699909;2126440000,0;2120620000,0;1,0;16,4;
SANWIL HOLDING SPÓŁKA AKCYJNA;PLSANWL00012;Podstawowy;odzież i obuwie;16003790;49290000,0;49230000,0;1,0;5,9;
MIRBUD SPÓŁKA AKCYJNA;PLMRBUD00015;Równoległy;budownictwo ogólne;91744200;467900000,0;461610000,0;1,01;8,0;
BETACOM SPÓŁKA AKCYJNA;PLBTCOM00016;Podstawowy;oprogramowanie;2020000;21820000,0;21320000,0;1,02;10,1;
LOKUM DEWELOPER SPÓŁKA AKCYJNA;PLLKMDW00049;Równoległy;sprzedaż nieruchomości;18000000;388800000,0;381210000,0;1,02;22,6;
STALEXPORT AUTOSTRADY SPÓŁKA AKCYJNA;PLSTLEX00019;Podstawowy;transport i logistyka - pozostałe;247262023;875310000,0;861030000,0;1,02;10,0;
DEVELIA SPÓŁKA AKCYJNA;PLLCCRP00017;Podstawowy;sprzedaż nieruchomości;447558311;1353860000,0;1317790000,0;1,03;0,0;C/Z: Unknown special value 'x'.
MOSTOSTAL PŁOCK SPÓŁKA AKCYJNA;PLMSTPL00018;Podstawowy;budownictwo przemysłowe;2000000;25600000,0;24890000,0;1,03;5,7;
PRZETWÓRSTWO TWORZYW SZTUCZNYCH PLAST-BOX SPÓŁKA AKCYJNA;PLPSTBX00016;Podstawowy;tworzywa sztuczne;41941035;95210000,0;92410000,0;1,03;6,2;
FEERUM SPÓŁKA AKCYJNA;PLFEERM00018;Równoległy;urządzenia mechaniczne;9537916;111120000,0;106980000,0;1,04;0,0;C/Z: Unknown special value 'x'.
INTROL SPÓŁKA AKCYJNA;PLINTRL00013;Podstawowy;urządzenia mechaniczne;25704018;130580000,00000001;125220000,0;1,04;8,7;
ECHO INVESTMENT SPÓŁKA AKCYJNA;PLECHPS00019;Podstawowy;wynajem nieruchomości;412690582;1770440000,0;1684690000,0;1,05;14,5;
PRZEDSIĘBIORSTWO PRODUKCYJNO HANDLOWE KOMPAP SPÓŁKA AKCYJNA;PLKOMPP00017;Podstawowy;papier i opakowania;4680496;72080000,0;68820000,0;1,05;12,7;
REINO CAPITAL SPÓŁKA AKCYJNA;PLWDM0000029;Podstawowy;Działalność inwestycyjna;42478050;64140000,0;61310000,0;1,05;0,0;C/Z: Unknown special value 'x'.
JWW INVEST SPÓŁKA AKCYJNA;PLJWWNT00018;Równoległy;urządzenia mechaniczne;11000000;27500000,0;26030000,0;1,06;30,5;
KOSZALIŃSKIE PRZEDSIĘBIORSTWO PRZEMYSŁU DRZEWNEGO SPÓŁKA AKCYJNA;PLKPPD000017;Równoległy;drewno;1622400;99780000,0;94100000,0;1,06;11,9;
PRIVATE EQUITY MANAGERS SPÓŁKA AKCYJNA;PLPREQM00011;Podstawowy;Działalność inwestycyjna;3423769;62310000,0;58540000,0;1,06;6,7;
ULMA CONSTRUCCION POLSKA SPÓŁKA AKCYJNA;PLBAUMA00017;Podstawowy;materiały budowlane;5255632;367890000,0;346480000,0;1,06;18,2;
DEKPOL SPÓŁKA AKCYJNA;PLDEKPL00032;Równoległy;budownictwo - pozostałe;8362549;311090000,0;291480000,0;1,07;5,9;
POWSZECHNA KASA OSZCZĘDNOŚCI BANK POLSKI SPÓŁKA AKCYJNA;PLPKO0000016;Podstawowy;banki komercyjne;1250000000;42525000000,0;39924000000,0;1,07;0,0;C/Z: Unknown special value 'x'.
RADPOL SPÓŁKA AKCYJNA;PLRDPOL00010;Podstawowy;tworzywa sztuczne;38260605;112870000,0;103600000,0;1,09;16,3;
GRUPA KAPITAŁOWA IMMOBILE SPÓŁKA AKCYJNA;PLMAKRM00019;Podstawowy;Działalność inwestycyjna;75362932;215540000,0;192050000,0;1,12;0,0;C/Z: Unknown special value 'x'.
AMICA SPÓŁKA AKCYJNA;PLAMICA00010;Podstawowy;sprzęt elektryczny i elektroniczny;7775273;1202060000,0;1066000000,0;1,13;8,0;
SUWARY SPÓŁKA AKCYJNA;PLSUWAR00014;Podstawowy;tworzywa sztuczne;4615070;101530000,0;89070000,0;1,14;5,1;
AUGA GROUP. AB;LT0000127466;Równoległy;produkcja rolna i rybołówstwo;227416252;486670000,0;421010000,0;1,16;60,3;
OVOSTAR UNION PUBLIC COMPANY LIMITED;NL0009805613;Podstawowy;żywność;6000000;456000000,0;393380000,0;1,16;44,5;
ELEKTROTIM SPÓŁKA AKCYJNA;PLELEKT00016;Podstawowy;instalacje budowlane i telekomunikacyjne;9983009;81460000,0;69500000,0;1,17;4,9;
TORPOL SPÓŁKA AKCYJNA;PLTORPL00016;Podstawowy;inżynieria lądowa i wodna;22970000;294480000,0;251590000,0;1,17;6,1;
INVISTA SPÓŁKA AKCYJNA;PLECMNG00019;Równoległy;Działalność inwestycyjna;14461991;13740000,0;11630000,0;1,18;0,0;C/Z: Unknown special value 'x'.
SANOK RUBBER COMPANY SPÓŁKA AKCYJNA;PLSTLSK00016;Podstawowy;części samochodowe;26881922;586030000,0;497620000,0;1,18;16,2;
LSI SOFTWARE SPÓŁKA AKCYJNA;PLLSSFT00016;Podstawowy;oprogramowanie;3260762;47440000,0;39850000,0;1,19;19,8;
POLWAX SPÓŁKA AKCYJNA;PLPOLWX00026;Podstawowy;chemia specjalistyczna;30900000;105370000,0;88790000,0;1,19;34,7;
ING BANK ŚLĄSKI SPÓŁKA AKCYJNA;PLBSK0000017;Podstawowy;banki komercyjne;130100000;22377200000,0;18618300000,0;1,2;16,7;
REDAN SPÓŁKA AKCYJNA;PLREDAN00019;Podstawowy;odzież i obuwie;35709244;12140000,0;10100000,0;1,2;0,5;
WOJAS SPÓŁKA AKCYJNA;PLWOJAS00014;Równoległy;odzież i obuwie;12676658;64650000,00000001;53940000,0;1,2;0,0;C/Z: Unknown special value 'x'.
MLP GROUP SPÓŁKA AKCYJNA;PLMLPGR00017;Podstawowy;wynajem nieruchomości;19720255;1467190000,0;1211730000,0;1,21;8,6;
4FUN MEDIA SPÓŁKA AKCYJNA;PL4FNMD00013;Podstawowy;radio i telewizja;4238962;29420000,0;24140000,0;1,22;0,0;C/Z: Unknown special value 'x'.
ERG SPÓŁKA AKCYJNA;PLERGZB00014;Podstawowy;tworzywa sztuczne;876018;44240000,0;35640000,0;1,24;16,6;
BUMECH SPÓŁKA AKCYJNA;PLBMECH00012;Równoległy;urządzenia mechaniczne;14481608;42000000,0;33530000,0;1,25;26,8;
COAL ENERGY S.A.;LU0646112838;Podstawowy;górnictwo węgla;45011120;32409999,999999996;25980000,0;1,25;0,2;
MANGATA HOLDING SPÓŁKA AKCYJNA;PLZTKMA00017;Podstawowy;wyroby metalowe;6676854;542160000,0;434500000,0;1,25;16,0;
CYFROWY POLSAT SPÓŁKA AKCYJNA;PLCFRPT00013;Podstawowy;Telekomunikacja;639546016;18278230000,0;14432800000,0;1,27;16,0;
ODLEWNIE POLSKIE SPÓŁKA AKCYJNA;PLODLPL00013;Podstawowy;hutnictwo żelaza i stali;20109621;107390000,0;84720000,0;1,27;7,7;
PROCAD SPÓŁKA AKCYJNA;PLPRCAD00018;Podstawowy;oprogramowanie;9019000;16230000,0;12810000,0;1,27;0,0;C/Z: Unknown special value 'x'.
HM INWEST SPÓŁKA AKCYJNA;PLHMINW00016;Równoległy;sprzedaż nieruchomości;2336312;40890000,0;31470000,0;1,3;19,1;
LENA LIGHTING SPÓŁKA AKCYJNA;PLLENAL00015;Podstawowy;urządzenia elektryczne;24875050;129350000,0;99130000,0;1,3;10,4;
ATM GRUPA SPÓŁKA AKCYJNA;PLATM0000021;Podstawowy;radio i telewizja;84300000;354060000,0;268079999,99999997;1,32;19,2;
NOVAVIS GROUP SPÓŁKA AKCYJNA;PLNFI0500012;Podstawowy;Działalność inwestycyjna;35015285;57780000,0;43420000,0;1,33;0,0;C/Z: Unknown special value 'x'.
UNIBEP SPÓŁKA AKCYJNA;PLUNBEP00015;Podstawowy;budownictwo ogólne;35070634;366490000,0;275740000,0;1,33;9,8;
WAWEL SPÓŁKA AKCYJNA;PLWAWEL00013;Podstawowy;żywność;1499755;899850000,0;678280000,0;1,33;15,8;
CENTRUM NOWOCZESNYCH TECHNOLOGII SPÓŁKA AKCYJNA;PLERGPL00014;Równoległy;inżynieria lądowa i wodna;7400000;134680000,0;97970000,0;1,37;6,1;
TARCZYŃSKI SPÓŁKA AKCYJNA;PLTRCZN00016;Podstawowy;żywność;11346936;406220000,0;297050000,0;1,37;4,4;
ČEZ. A.S.;CZ0005112300;Podstawowy;energetyka;537989759;57026910000,0;41208070000,0;1,38;59,5;
WITTCHEN SPÓŁKA AKCYJNA;PLWTCHN00030;Podstawowy;odzież i obuwie;18223001;227790000,0;163410000,0;1,39;17,2;
ZAKŁADY URZĄDZEŃ KOTŁOWYCH STĄPORKÓW SPÓŁKA AKCYJNA;PLSTPRK00019;Równoległy;wyroby metalowe;6503790;28100000,0;20180000,0;1,39;0,0;C/Z: Unknown special value 'x'.
MFO SPÓŁKA AKCYJNA;PLMFO0000013;Podstawowy;materiały budowlane;6607490;270910000,0;187300000,0;1,45;10,1;
PROTEKTOR SPÓŁKA AKCYJNA;PLLZPSK00019;Podstawowy;odzież i obuwie;19021600;72660000,0;49980000,0;1,45;67,0;
STARHEDGE SPÓŁKA AKCYJNA;PLHRDEX00021;Równoległy;Działalność inwestycyjna;88000000;59660000,0;41180000,0;1,45;24,2;
POWSZECHNY ZAKŁAD UBEZPIECZEŃ SPÓŁKA AKCYJNA;PLPZU0000011;Podstawowy;firmy ubezpieczeniowe;863523000;27719090000,0;18777000000,0;1,48;14,5;
CITY SERVICE SE;EE3100126368;Równoległy;Usługi dla przedsiębiorstw;31610000;325580000,0;217830000,0;1,49;14,0;
IPOPEMA SECURITIES SPÓŁKA AKCYJNA;PLIPOPM00011;Podstawowy;giełdy i biura maklerskie;29937836;164060000,0;108990000,0;1,51;5,5;
MEGARON SPÓŁKA AKCYJNA;PLMGRON00016;Równoległy;materiały budowlane;2700000;32130000,000000004;21070000,0;1,52;11,4;
UNIMOT SPÓŁKA AKCYJNA;PLUNMOT00013;Równoległy;dystrybucja paliw i gazu;8197818;404150000,0;265980000,00000003;1,52;11,5;
MAGNA POLONIA SPÓŁKA AKCYJNA;PLNFI0600010;Podstawowy;Działalność inwestycyjna;13921975;38420000,0;24990000,0;1,54;10,0;
REMAK-ENERGOMONTAŻ SPÓŁKA AKCYJNA;PLREMAK00016;Podstawowy;budownictwo przemysłowe;3000000;87000000,0;56470000,0;1,54;5,1;
POZNAŃSKA KORPORACJA BUDOWLANA PEKABEX SPÓŁKA AKCYJNA;PLPKBEX00072;Podstawowy;materiały budowlane;24826512;533770000,0;344840000,0;1,55;9,2;
APATOR SPÓŁKA AKCYJNA;PLAPATR00018;Podstawowy;urządzenia elektryczne;32806328;797190000,0;509760000,0;1,56;13,2;
FABRYKI MEBLI FORTE SPÓŁKA AKCYJNA;PLFORTE00012;Podstawowy;meble i dywany;23930769;1239610000,0;793650000,0;1,56;25,0;
IMC S.A.;LU0607203980;Podstawowy;produkcja rolna i rybołówstwo;33178000;816180000,0;524470000,0;1,56;6,8;
BRASTER SPÓŁKA AKCYJNA W RESTRUKTURYZACJI;PLBRSTR00014;Równoległy;Sprzęt i materiały medyczne;22257535;25150000,0;15800000,0;1,59;0,0;C/Z: Unknown special value 'x'.
VENTURE INC ASI SPÓŁKA AKCYJNA;PLVNTIN00011;Równoległy;Działalność inwestycyjna;29840000;76990000,0;48410000,0;1,59;9,5;
COGNOR HOLDING SPÓŁKA AKCYJNA;PLCNTSL00014;Podstawowy;hutnictwo żelaza i stali;171420663;531400000,0;332590000,0;1,6;7,3;
SKARBIEC HOLDING SPÓLKA AKCYJNA;PLSKRBH00014;Równoległy;zarządzanie aktywami;6821677;272870000,0;170010000,0;1,6;4,7;
WIELTON SPÓŁKA AKCYJNA;PLWELTN00012;Podstawowy;środki transportu;60375000;646010000,0;403750000,0;1,6;20,8;
ALUMETAL SPÓŁKA AKCYJNA;PLALMTL00023;Podstawowy;hutnictwo metali nieżelaznych;15576673;922140000,0;573840000,0;1,61;16,8;
NEWAG SPÓŁKA AKCYJNA;PLNEWAG00012;Podstawowy;środki transportu;45000001;1183500000,0;724570000,0;1,63;5,4;
POLIMEX MOSTOSTAL SPÓŁKA AKCYJNA;PLMSTSD00019;Podstawowy;budownictwo przemysłowe;236618802;1282470000,0;787770000,0;1,63;19,4;
ENERGOAPARATURA SPÓŁKA AKCYJNA;PLENAP000010;Równoległy;budownictwo przemysłowe;19676722;30110000,0;18310000,0;1,64;0,0;C/Z: Unknown special value 'x'.
WIKANA SPÓŁKA AKCYJNA;PLELPO000016;Podstawowy;sprzedaż nieruchomości;19765064;78270000,0;47760000,0;1,64;15,4;
SESCOM SPÓŁKA AKCYJNA;PLSESCM00013;Równoległy;Usługi dla przedsiębiorstw;2100000;77280000,0;46520000,0;1,66;18,6;
SONEL SPÓŁKA AKCYJNA;PLSONEL00011;Podstawowy;urządzenia elektryczne;14000000;154000000,0;90380000,0;1,7;11,5;
KRUK SPÓŁKA AKCYJNA;PLKRK0000010;Podstawowy;Wierzytelności;19011045;3488530000,0;2043770000,0;1,71;42,9;
COMARCH SPÓŁKA AKCYJNA;PLCOMAR00012;Podstawowy;systemy informatyczne;8133349;1854400000,0;1080040000,0;1,72;15,4;
PZ CORMAY SPÓŁKA AKCYJNA;PLCMRAY00029;Równoległy;Produkcja leków;84205008;107450000,0;62440000,0;1,72;0,0;C/Z: Unknown special value 'x'.
AILLERON SPÓŁKA AKCYJNA;PLWNDMB00010;Podstawowy;oprogramowanie;12355504;164950000,0;95110000,0;1,73;17,5;
EMC INSTYTUT MEDYCZNY SPÓŁKA AKCYJNA;PLEMCIM00017;Podstawowy;Szpitale i przychodnie;22188646;308420000,0;178640000,0;1,73;0,0;C/Z: Unknown special value 'x'.
LENTEX SPÓŁKA AKCYJNA;PLLENTX00010;Podstawowy;materiały budowlane;46415440;492000000,0;279830000,0;1,76;12,6;
AMBRA SPÓŁKA AKCYJNA;PLAMBRA00013;Podstawowy;napoje;25206644;562110000,0;316930000,0;1,77;15,9;
T-BULL SPÓŁKA AKCYJNA;PLTBULL00024;Podstawowy;Gry;1161989;30680000,0;17300000,0;1,77;16,8;
INTER CARS SPÓŁKA AKCYJNA;PLINTCS00010;Podstawowy;części samochodowe;14168100;4307100000,0;2395500000,0;1,8;12,9;
KRKA. TOVARNA ZDRAVIL. D.D.. NOVO MESTO;SI0031102120;Podstawowy;Produkcja leków;32793448;14330740000,0;7938960000,0;1,81;10,8;
GLOBAL COSMED SPÓŁKA AKCYJNA;PLGLBLC00011;Podstawowy;kosmetyki i chemia gospodarcza;87338652;387780000,0;212230000,0;1,83;13,5;
MERCOR SPÓŁKA AKCYJNA;PLMRCOR00016;Podstawowy;materiały budowlane;15658535;294380000,0;161250000,0;1,83;9,7;
POLSKI BANK KOMÓREK MACIERZYSTYCH SPÓŁKA AKCYJNA;PLPBKM000012;Podstawowy;Biotechnologia;9204487;736360000,0;399670000,0;1,84;304,0;
PRIMETECH SPÓŁKA AKCYJNA;PLKOPEX00018;Podstawowy;urządzenia mechaniczne;15609833;20290000,0;10940000,0;1,85;2,8;
PCC ROKITA SPÓŁKA AKCYJNA;PLPCCRK00076;Podstawowy;chemia podstawowa;19853300;1473110000,0;786690000,0;1,87;12,5;
KGHM POLSKA MIEDŹ SPÓŁKA AKCYJNA;PLKGHM000017;Podstawowy;górnictwo metali;200000000;39520000000,0;20992000000,0;1,88;22,0;
PCC EXOL SPÓŁKA AKCYJNA;PLPCCEX00010;Podstawowy;chemia specjalistyczna;172814828;564760000,0;298390000,0;1,89;14,0;
ZAKŁADY TŁUSZCZOWE KRUSZWICA SPÓŁKA AKCYJNA;PLKRUSZ00016;Podstawowy;żywność;22986949;1517140000,0;804010000,0;1,89;25,1;
PGF POLSKA GRUPA FOTOWOLTAICZNA SPÓŁKA AKCYJNA;PLZSTAL00012;Równoległy;transport i logistyka - pozostałe;81988200;300900000,0;157390000,0;1,91;0,0;C/Z: Unknown special value 'x'.
MENNICA POLSKA SPÓŁKA AKCYJNA;PLMNNCP00011;Podstawowy;hutnictwo metali nieżelaznych;51138096;1038099999,9999999;536630000,0;1,93;18,0;
ATAL SPÓŁKA AKCYJNA;PLATAL000046;Podstawowy;sprzedaż nieruchomości;38714610;1858300000,0;956170000,0;1,94;11,1;
SYGNITY SPÓŁKA AKCYJNA;PLCMPLD00016;Podstawowy;systemy informatyczne;22759947;240120000,0;120550000,0;1,99;5,2;
COMPERIA.PL SPÓŁKA AKCYJNA;PLCOMPR00010;Równoległy;portale internetowe;3526465;22570000,0;10870000,0;2,08;18,8;
EUROCASH SPÓŁKA AKCYJNA;PLEURCH00011;Podstawowy;artykuły codziennego użytku;139163286;1985860000,0;935120000,0;2,12;32,1;
IMPERA CAPITAL ALTERNATYWNA SPÓŁKA INWESTYCYJNA SPÓŁKA AKCYJNA;PLNFI0700018;Podstawowy;Działalność inwestycyjna;7831487;32500000,0;15360000,0;2,12;76,7;
ASBISC ENTERPRISES PLC;CY1000031710;Podstawowy;komputery i elektronika;55500000;1098900000,0;513490000,0;2,14;7,9;
ATENDE SPÓŁKA AKCYJNA;PLATMSI00016;Podstawowy;systemy informatyczne;36343344;232600000,0;107470000,0;2,16;6,1;
CDRL SPÓŁKA AKCYJNA;PLCDRL000043;Podstawowy;odzież i obuwie;6054544;131380000,0;60900000,0;2,16;0,0;C/Z: Unknown special value 'x'.
FERRO SPÓŁKA AKCYJNA;PLFERRO00016;Podstawowy;materiały budowlane;21242655;677640000,0;313210000,0;2,16;10,9;
FERRUM SPÓŁKA AKCYJNA;PLFERUM00014;Podstawowy;hutnictwo żelaza i stali;57911485;241490000,0;112000000,0;2,16;0,0;C/Z: Unknown special value 'x'.
GIEŁDA PAPIERÓW WARTOŚCIOWYCH W WARSZAWIE SPÓŁKA AKCYJNA;PLGPW0000017;Podstawowy;giełdy i biura maklerskie;41972000;1999550000,0;923550000,0;2,17;13,2;
ASSECO SOUTH EASTERN EUROPE SPÓŁKA AKCYJNA;PLASSEE00014;Podstawowy;oprogramowanie;51894251;2075770000,0;950900000,0;2,18;16,6;
EUROTEL SPÓŁKA AKCYJNA;PLERTEL00011;Podstawowy;elektronika użytkowa;3748255;180290000,0;82710000,0;2,18;9,2;
MIRACULUM SPÓŁKA AKCYJNA;PLKLSTN00017;Podstawowy;kosmetyki i chemia gospodarcza;35100000;45630000,0;20450000,0;2,23;0,0;C/Z: Unknown special value 'x'.
X-TRADE BROKERS DOM MAKLERSKI SPÓŁKA AKCYJNA;PLXTRDM00011;Podstawowy;giełdy i biura maklerskie;117383635;2054210000,0;888310000,0;2,31;5,1;
K2 HOLDING SPÓŁKA AKCYJNA;PLK2ITR00010;Podstawowy;oprogramowanie;2319005;62150000,0;26120000,0;2,38;15,4;
SILVAIR. INC.;USU827061099;Równoległy;oprogramowanie;13425927;79880000,0;33620000,0;2,38;0,0;C/Z: Unknown special value 'x'.
MERCATOR MEDICAL SPÓŁKA AKCYJNA;PLMRCTR00015;Podstawowy;Sprzęt i materiały medyczne;10604525;2487820000,0;1039960000,0;2,39;2,7;
PMPG POLSKIE MEDIA SPÓŁKA AKCYJNA;PLPEKPL00010;Podstawowy;wydawnictwa;10381702;57620000,0;24120000,0;2,39;11,9;
MEDIACAP SPÓŁKA AKCYJNA;PLEMLAB00018;Równoległy;reklama i marketing;18819539;44410000,0;18520000,0;2,4;20,7;
VIVID GAMES SPÓŁKA AKCYJNA;PLVVDGM00014;Podstawowy;Gry;32285770;51660000,0;21480000,0;2,4;24,7;
TATRY MOUNTAIN RESORTS. A.S.;SK1120010287;Podstawowy;hotele i restauracje;6707198;1012790000,0;419710000,0;2,41;0,0;C/Z: Unknown special value 'x'.
ZAKŁAD BUDOWY MASZYN ZREMB-CHOJNICE SPÓŁKA AKCYJNA;PLZBMZC00019;Równoległy;urządzenia mechaniczne;12600000;17260000,0;7170000,0;2,41;17,3;
SWISSMED CENTRUM ZDROWIA SPÓŁKA AKCYJNA;PLSWMED00013;Podstawowy;Szpitale i przychodnie;6118223;55310000,0;22670000,0;2,44;0,0;C/Z: Unknown special value 'x'.
APS ENERGIA SPÓŁKA AKCYJNA;PLAPSEN00011;Równoległy;urządzenia elektryczne;28185494;113310000,0;46210000,0;2,45;0,0;C/Z: Unknown special value 'x'.
MARIE BRIZARD WINE  SPIRITS;FR0000060873;Podstawowy;napoje;111948968;738860000,0;300650000,0;2,46;0,0;C/Z: Unknown special value 'x'.
TOYA SPÓŁKA AKCYJNA;PLTOYA000011;Równoległy;handel hurtowy - pozostałe;75042226;589080000,0;237730000,0;2,48;9,1;
GRODNO SPÓŁKA AKCYJNA;PLGRODN00015;Równoległy;artykuły elektryczne;15381861;227960000,0;91490000,0;2,49;16,2;
KINO POLSKA TV SPÓŁKA AKCYJNA;PLKNOPL00014;Podstawowy;radio i telewizja;19821404;292370000,0;117080000,0;2,5;10,7;
AS SILVANO FASHION GROUP;EE3100001751;Podstawowy;odzież i obuwie;36000000;280800000,0;111590000,0;2,52;45,8;
INTERSPORT POLSKA SPÓŁKA AKCYJNA;PLINTSP00038;Podstawowy;odzież i obuwie;34130700;44030000,0;17480000,0;2,52;0,0;C/Z: Unknown special value 'x'.
AB NOVATURAS;LT0000131872;Podstawowy;biura podróży;7807000;165510000,0;65280000,0;2,54;0,0;C/Z: Unknown special value 'x'.
DECORA SPÓŁKA AKCYJNA;PLDECOR00013;Podstawowy;materiały budowlane;10547063;485160000,0;188680000,0;2,57;8,6;
ERBUD SPÓŁKA AKCYJNA;PLERBUD00012;Podstawowy;budownictwo przemysłowe;12399359;781160000,0;301050000,0;2,59;16,7;
VOXEL SPÓŁKA AKCYJNA;PLVOXEL00014;Równoległy;Sprzęt i materiały medyczne;10502600;465270000,0;179840000,0;2,59;13,7;
CI GAMES SPÓŁKA AKCYJNA;PLCTINT00018;Równoległy;Gry;182943015;250630000,0;96380000,0;2,6;36,0;
GAMING FACTORY SPÓŁKA AKCYJNA;PLGMNGF00017;Równoległy;Gry;5600000;82880000,0;31610000,0;2,62;14,0;
POLENERGIA SPÓŁKA AKCYJNA;PLPLSEP00013;Podstawowy;energetyka;45443547;3749090000,0;1417470000,0;2,64;33,9;
LABO PRINT SPÓŁKA AKCYJNA;PLLBPRT00013;Równoległy;Usługi dla przedsiębiorstw;3617600;63670000,0;23750000,0;2,68;14,7;
AC SPÓŁKA AKCYJNA;PLACSA000014;Podstawowy;części samochodowe;10073683;375750000,0;132449999,99999999;2,84;12,2;
AUTO PARTNER SPÓŁKA AKCYJNA;PLATPRT00018;Podstawowy;części samochodowe;130620000;1371510000,0;482930000,0;2,84;12,4;
KRYNICA VITAMIN SPÓŁKA AKCYJNA;PLKRVTM00010;Równoległy;napoje;12251813;241360000,0;84560000,0;2,85;4,2;
SIMPLE SPÓŁKA AKCYJNA;PLSIMPL00011;Podstawowy;oprogramowanie;4812160;62560000,0;21650000,0;2,89;12,9;
PRAGMAGO SPÓŁKA AKCYJNA;PLGFPRE00040;Podstawowy;Leasing i faktoring;4409626;103630000,0;34730000,0;2,98;199,1;
KRYNICKI RECYKLING SPÓŁKA AKCYJNA;PLKRNRC00012;Równoległy;Recykling;17365800;321270000,0;106150000,0;3,03;27,0;
SYNEKTIK SPÓŁKA AKCYJNA;PLSNKTK00019;Równoległy;Biotechnologia;8529129;249900000,0;79580000,0;3,14;25,2;
VOTUM SPÓŁKA AKCYJNA;PLVOTUM00016;Podstawowy;ubezpieczenia - pozostałe;12000000;202800000,0;64069999,99999999;3,17;23,4;
OPONEO.PL SPÓŁKA AKCYJNA;PLOPNPL00013;Podstawowy;Handel internetowy;13936000;721880000,0;226330000,0;3,19;22,5;
DOM DEVELOPMENT SPÓŁKA AKCYJNA;PLDMDVL00012;Podstawowy;sprzedaż nieruchomości;25398422;3738650000,0;1157430000,0;3,23;12,4;
MOSTOSTAL WARSZAWA SPÓŁKA AKCYJNA;PLMSTWS00019;Podstawowy;budownictwo przemysłowe;20000000;140800000,0;43090000,0;3,27;24,2;
AIRWAY MEDIX SPÓŁKA AKCYJNA;PLAIRWY00017;Równoległy;Sprzęt i materiały medyczne;58418444;102470000,0;30650000,0;3,34;0,0;C/Z: Unknown special value 'x'.
INC SPÓŁKA AKCYJNA;PLINCLT00015;Podstawowy;Działalność inwestycyjna;12043099;90560000,0;26960000,0;3,36;7,6;
ADIUVO INVESTMENTS SPÓŁKA AKCYJNA;PLADVIV00015;Podstawowy;Sprzęt i materiały medyczne;13174346;73510000,0;21720000,0;3,38;0,0;C/Z: Unknown special value 'x'.
ASSECO BUSINESS SOLUTIONS SPÓŁKA AKCYJNA;PLABS0000018;Podstawowy;oprogramowanie;33418193;1196370000,0;348310000,0;3,43;15,5;
ENTER AIR SPÓŁKA AKCYJNA;PLENTER00017;Podstawowy;transport;17543750;735080000,0;206170000,0;3,57;0,0;C/Z: Unknown special value 'x'.
QUERCUS TOWARZYSTWO FUNDUSZY INWESTYCYJNYCH SPÓŁKA AKCYJNA;PLQRCUS00012;Podstawowy;zarządzanie aktywami;60716451;314510000,0;86190000,0;3,65;17,2;
ULTIMATE GAMES SPÓŁKA AKCYJNA;PLULTGM00013;Podstawowy;Gry;5230000;167880000,0;45990000,0;3,65;5,1;
AB INTER RAO LIETUVA;LT0000128621;Podstawowy;energetyka;20000000;421000000,0;113690000,0;3,7;7,6;
GRUPA KĘTY SPÓŁKA AKCYJNA;PLKETY000011;Podstawowy;hutnictwo metali nieżelaznych;9629507;5893260000,0;1586270000,0;3,72;13,7;
QUANTUM SOFTWARE SPÓŁKA AKCYJNA;PLQNTUM00018;Podstawowy;systemy informatyczne;1314870;65220000,0;17210000,0;3,79;10,8;
TIM SPÓŁKA AKCYJNA;PLTIM0000016;Podstawowy;artykuły elektryczne;22199200;629350000,0;163150000,0;3,86;16,9;
FABRYKA FARB I LAKIERÓW ŚNIEŻKA SPÓŁKA AKCYJNA;PLSNZKA00033;Podstawowy;materiały budowlane;12617778;1135600000,0;293440000,0;3,87;14,6;
PHOTON ENERGY N.V.;NL0010391108;Równoległy;energia odnawialna;60000000;720000000,0;183050000,0;3,93;0,0;C/Z: Unknown special value 'x'.
NEUCA SPÓŁKA AKCYJNA;PLTRFRM00018;Podstawowy;Dystrybucja leków;4453999;3046540000,0;766170000,0;3,98;21,5;
SUNEX SPÓŁKA AKCYJNA;PLSUNEX00013;Podstawowy;urządzenia elektryczne;20291535;129870000,0;32320000,0;4,02;20,1;
RYVU THERAPEUTICS SPÓŁKA AKCYJNA;PLSELVT00013;Podstawowy;Biotechnologia;18355474;917770000,0;223720000,0;4,1;0,0;C/Z: Unknown special value 'x'.
NOVITA SPÓŁKA AKCYJNA;PLNVITA00018;Podstawowy;zaopatrzenie przedsiębiorstw - pozostałe;2500000;542500000,0;129130000,0;4,2;13,3;
CENTRUM MEDYCZNE ENEL-MED SPÓŁKA AKCYJNA;PLENLMD00017;Podstawowy;Szpitale i przychodnie;23566900;424200000,0;98910000,0;4,29;0,0;C/Z: Unknown special value 'x'.
BALTIC BRIDGE SPÓŁKA AKCYJNA;PLARIEL00046;Podstawowy;Działalność inwestycyjna;21912764;9420000,0;2170000,0;4,35;0,0;C/Z: Unknown special value 'x'.
TERMO-REX SPÓŁKA AKCYJNA;PLTRMRX00011;Równoległy;dystrybucja paliw i gazu;113500000;108960000,0;24700000,0;4,41;63,4;
PUNKPIRATES SPÓŁKA AKCYJNA;PLIQPRT00017;Podstawowy;Działalność inwestycyjna;22353000;14310000,0;3160000,0;4,53;0,0;C/Z: Unknown special value 'x'.
3R GAMES SPÓŁKA AKCYJNA;PLGRNKT00019;Podstawowy;portale internetowe;73637880;67450000,0;14840000,0;4,54;0,0;C/Z: Unknown special value 'x'.
IMS SPÓŁKA AKCYJNA;PLINTMS00019;Równoległy;media - pozostałe;31099086;95790000,0;19960000,0;4,8;30,9;
ONCOARENDI THERAPEUTICS SPÓŁKA AKCYJNA;PLONCTH00011;Równoległy;Biotechnologia;13915001;698530000,0;145610000,0;4,8;11,1;
BENEFIT SYSTEMS SPÓŁKA AKCYJNA;PLBNFTS00018;Równoległy;rekreacja i wypoczynek - pozostałe;2894287;2561440000,0;524530000,0;4,88;0,0;C/Z: Unknown special value 'x'.
WIRTUALNA POLSKA HOLDING SPÓŁKA AKCYJNA;PLWRTPL00027;Podstawowy;portale internetowe;29188959;2872190000,0;586660000,0;4,9;36,6;
RAINBOW TOURS SPÓŁKA AKCYJNA;PLRNBWT00031;Równoległy;biura podróży;14552000;472940000,0;92810000,0;5,1;0,0;C/Z: Unknown special value 'x'.
GAMES OPERATORS SPÓŁKA AKCYJNA;PLGMSOP00019;Równoległy;Gry;5350000;90520000,0;17680000,0;5,12;47,8;
NANOGROUP SPÓŁKA AKCYJNA;PLNNGRP00011;Równoległy;Biotechnologia;16747883;91950000,0;17650000,0;5,21;0,0;C/Z: Unknown special value 'x'.
VIGO SYSTEM SPÓŁKA AKCYJNA;PLVIGOS00015;Podstawowy;Nowe technologie;729000;543830000,0;100580000,0;5,41;16,7;
MEX POLSKA SPÓŁKA AKCYJNA;PLMEXPL00010;Równoległy;hotele i restauracje;7665436;18700000,0;3380000,0;5,53;0,0;C/Z: Unknown special value 'x'.
ML SYSTEM SPÓŁKA AKCYJNA;PLMLSTM00015;Podstawowy;energia odnawialna;6379999;823020000,0;144350000,0;5,7;80,9;
LPP SPÓŁKA AKCYJNA;PLLPP0000011;Podstawowy;odzież i obuwie;1852423;17570230000,0;3068390000,0;5,73;0,0;C/Z: Unknown special value 'x'.
AMREST HOLDINGS SE;ES0105375002;Podstawowy;hotele i restauracje;219554183;6797400000,0;1174000000,0;5,79;0,0;C/Z: Unknown special value 'x'.
EUROHOLD BULGARIA AD;BG1100114062;Podstawowy;ubezpieczenia - pozostałe;197525600;1441940000,0;246790000,0;5,84;0,0;C/Z: Unknown special value 'x'.
PRAIRIE MINING LIMITED;AU000000PDZ2;Równoległy;górnictwo węgla;228355089;155970000,0;26690000,0;5,84;0,0;C/Z: Unknown special value 'x'.
MDI ENERGIA SPÓŁKA AKCYJNA;PLNFI1000012;Podstawowy;inżynieria lądowa i wodna;46108506;189970000,0;32360000,0;5,87;39,6;
BUDIMEX SPÓŁKA AKCYJNA;PLBUDMX00013;Podstawowy;budownictwo ogólne;25530098;7288840000,0;1215900000,0;5,99;14,4;
IFIRMA SPÓŁKA AKCYJNA;PLPWRMD00011;Podstawowy;oprogramowanie;6400000;57470000,0;9590000,0;5,99;30,9;
CELON PHARMA SPÓŁKA AKCYJNA;PLCLNPH00015;Podstawowy;Produkcja leków;45000000;2081250000,0;344530000,0;6,04;0,0;C/Z: Unknown special value 'x'.
PGS SOFTWARE SPÓŁKA AKCYJNA;PLSFTWR00015;Równoległy;oprogramowanie;28262000;378710000,0;58140000,0;6,51;19,4;
BOOMBIT SPÓŁKA AKCYJNA;PLBMBIT00010;Podstawowy;Gry;13420000;437490000,0;64760000,00000001;6,76;34,9;
ARTIFEX MUNDI SPÓŁKA AKCYJNA;PLARTFX00011;Podstawowy;Gry;11897000;200460000,0;29400000,0;6,82;24,3;
ALLEGRO.EU S.A.;LU2237380790;Podstawowy;Handel internetowy;1023255814;55337670000,0;8089600000,0;6,84;132,0;
GROCLIN SPÓŁKA AKCYJNA;PLINTGR00013;Podstawowy;części samochodowe;11577873;39250000,0;5570000,0;7,04;0,0;C/Z: Unknown special value 'x'.
SERINUS ENERGY PLC;JE00BF4N9R98;Podstawowy;wydobycie i produkcja;1140660629;844090000,0;119050000,0;7,09;0,0;C/Z: Unknown special value 'x'.
11 BIT STUDIOS SPÓŁKA AKCYJNA;PL11BTS00015;Podstawowy;Gry;2363143;1245380000,0;164650000,0;7,56;33,3;
CD PROJEKT SPÓŁKA AKCYJNA;PLOPTTC00011;Podstawowy;Gry;100738800;17016800000,0;2187360000,0;7,78;14,7;
MO-BRUK SPÓŁKA AKCYJNA;PLMOBRK00013;Równoległy;Recykling;3512885;1317330000,0;162570000,0;8,1;16,7;
PLAYWAY SPÓŁKA AKCYJNA;PLPLAYW00015;Równoległy;Gry;6600000;3016200000,0;356400000,0;8,46;15,1;
SELVITA SPÓŁKA AKCYJNA;PLSLVCR00029;Podstawowy;Biotechnologia;18355474;1325270000,0;147300000,0;9,0;73,6;
ANSWEAR.COM SPÓŁKA AKCYJNA;PLANSWR00019;Podstawowy;Handel internetowy;17190000;587900000,0;64629999,99999999;9,1;68,8;
MEDINICE SPÓŁKA AKCYJNA;PLMDNCE00016;Podstawowy;Ochrona zdrowia - pozostałe;5362009;172660000,0;16980000,0;10,17;0,0;C/Z: Unknown special value 'x'.
DINO POLSKA SPÓŁKA AKCYJNA;PLDINPL00011;Podstawowy;artykuły codziennego użytku;98040000;24010000000,0;2266560000,0;10,59;37,3;
DATAWALK SPÓŁKA AKCYJNA;PLPILAB00012;Podstawowy;oprogramowanie;4886048;885350000,0;79790000,0;11,1;0,0;C/Z: Unknown special value 'x'.
CCC SPÓŁKA AKCYJNA;PLCCC0000016;Podstawowy;odzież i obuwie;54868000;5560870000,0;486200000,0;11,44;0,0;C/Z: Unknown special value 'x'.
R22 SPÓŁKA  AKCYJNA;PLR220000018;Podstawowy;Nowe technologie;14180000;806840000,0;67860000,0;11,89;39,4;
TEN SQUARE GAMES SPÓŁKA AKCYJNA;PLTSQGM00016;Równoległy;Gry;7267311;3030470000,0;238050000,0;12,73;20,0;
XTPL SPÓŁKA AKCYJNA;PLXTPL000018;Równoległy;Nowe technologie;2029222;156860000,0;10390000,0;15,1;0,0;C/Z: Unknown special value 'x'.
CREEPY JAR SPÓŁKA AKCYJNA;PLCRPJR00019;Podstawowy;Gry;679436;550340000,0;35480000,0;15,51;24,6;
DADELO SPÓŁKA AKCYJNA;PLDADEL00013;Podstawowy;Handel internetowy;11467500;298160000,0;16840000,0;17,71;65,5;
BIOMED-LUBLIN WYTWÓRNIA SUROWIC I SZCZEPIONEK SPÓŁKA AKCYJNA;PLBMDLB00018;Podstawowy;Produkcja leków;62260410;688600000,0;37310000,0;18,46;155,1;
NEXITY GLOBAL SPÓŁKA AKCYJNA;PLWDMCP00013;Równoległy;Działalność inwestycyjna;10000000;97600000,0;4940000,0;19,76;0,0;C/Z: Unknown special value 'x'.
RESBUD SE;EE3100142985;Równoległy;budownictwo ogólne;236620263;220060000,0;9000000,0;24,44;0,0;C/Z: Unknown special value 'x'.
GRUPA ŻYWIEC SPÓŁKA AKCYJNA;PLZYWIC00016;Podstawowy;napoje;10271337;4950780000,0;187800000,0;26,36;17,4;
PCF GROUP SPÓŁKA AKCYJNA;PLPCFGR00010;Podstawowy;Gry;29562512;2060510000,0000002;76520000,0;26,93;83,8;
LIVECHAT SOFTWARE SPÓŁKA AKCYJNA;PLLVTSF00010;Równoległy;oprogramowanie;25750000;3167250000,0;102680000,0;30,85;31,1;
WORK SERVICE SPÓŁKA AKCYJNA;PLWRKSR00019;Podstawowy;Usługi dla przedsiębiorstw;65753888;94950000,0;2340000,0;40,5;0,0;C/Z: Unknown special value 'x'.
IDM SPÓŁKA AKCYJNA;PLIDMSA00044;Podstawowy;pozostałe;44392388;67480000,0;1510000,0;44,6;9,9;
CAPTOR THERAPEUTICS SPÓŁKA AKCYJNA;PLCPTRT00014;Podstawowy;Biotechnologia;3256472;577890000,0;1850000,0;312,21;0,0;C/Z: Unknown special value 'x'.
